audit_source,image_id,file_name,image_path,true_label,pred_label,confidence,top2_label,top2_confidence,prediction_margin,audit_tag,animal_visible,notes
high_confidence_error,2016_Unit097_Ivan072_img1656.jpg,part0/sub029/2016_Unit097_Ivan072_img1656.jpg,/Users/mihnea/Desktop/Proiecte personale/wildlife-image-classification/data/processed/cropped_images/part0/sub029/2016_Unit097_Ivan072_img1656.jpg,coyote,mule_deer,0.99478984,coyote,0.002149897,0.99263996,,,
high_confidence_error,FL-13_0050248.jpg,part3/sub321/FL-13_0050248.jpg,/Users/mihnea/Desktop/Proiecte personale/wildlife-image-classification/data/processed/cropped_images/part3/sub321/FL-13_0050248.jpg,empty,wild_boar,0.9901215,raccoon,0.008269323,0.9818522,,,
high_confidence_error,CA-09_08_13_2015_CA-09_0003020.jpg,part0/sub042/CA-09_08_13_2015_CA-09_0003020.jpg,/Users/mihnea/Desktop/Proiecte personale/wildlife-image-classification/data/processed/cropped_images/part0/sub042/CA-09_08_13_2015_CA-09_0003020.jpg,coyote,empty,0.9844817,bobcat,0.009409675,0.975072,,,
high_confidence_error,CA-33_08_04_2015_CA-33_0011943.jpg,part0/sub085/CA-33_08_04_2015_CA-33_0011943.jpg,/Users/mihnea/Desktop/Proiecte personale/wildlife-image-classification/data/processed/cropped_images/part0/sub085/CA-33_08_04_2015_CA-33_0011943.jpg,black_bear,empty,0.9821855,bobcat,0.011431007,0.9707545,,,
high_confidence_error,2016_Unit028_SWTB009_img1604.jpg,part0/sub025/2016_Unit028_SWTB009_img1604.jpg,/Users/mihnea/Desktop/Proiecte personale/wildlife-image-classification/data/processed/cropped_images/part0/sub025/2016_Unit028_SWTB009_img1604.jpg,red_deer,black_bear,0.97966486,mule_deer,0.012771805,0.9668931,,,
high_confidence_error,2015_Unit173_Ivan095_img0109.jpg,part0/sub023/2015_Unit173_Ivan095_img0109.jpg,/Users/mihnea/Desktop/Proiecte personale/wildlife-image-classification/data/processed/cropped_images/part0/sub023/2015_Unit173_Ivan095_img0109.jpg,mule_deer,red_deer,0.9781843,mule_deer,0.014251165,0.9639331,,,
high_confidence_error,2010_Unit154_Ivan111_img0241.jpg,part0/sub001/2010_Unit154_Ivan111_img0241.jpg,/Users/mihnea/Desktop/Proiecte personale/wildlife-image-classification/data/processed/cropped_images/part0/sub001/2010_Unit154_Ivan111_img0241.jpg,mule_deer,red_deer,0.9748287,mule_deer,0.014451082,0.96037763,,,
high_confidence_error,CA-15_09_09_2016_CA-15_0012372.JPG,part0/sub050/CA-15_09_09_2016_CA-15_0012372.JPG,/Users/mihnea/Desktop/Proiecte personale/wildlife-image-classification/data/processed/cropped_images/part0/sub050/CA-15_09_09_2016_CA-15_0012372.JPG,black_bear,empty,0.97356397,bobcat,0.020151615,0.95341235,,,
high_confidence_error,FL-13_05_02_2016_FL-13_0076258.JPG,part1/sub179/FL-13_05_02_2016_FL-13_0076258.JPG,/Users/mihnea/Desktop/Proiecte personale/wildlife-image-classification/data/processed/cropped_images/part1/sub179/FL-13_05_02_2016_FL-13_0076258.JPG,bobcat,raccoon,0.9733848,bobcat,0.018908434,0.95447636,,,
high_confidence_error,2010_Unit150_Ivan100_img0178.jpg,part0/sub000/2010_Unit150_Ivan100_img0178.jpg,/Users/mihnea/Desktop/Proiecte personale/wildlife-image-classification/data/processed/cropped_images/part0/sub000/2010_Unit150_Ivan100_img0178.jpg,red_deer,coyote,0.9676383,red_deer,0.028533218,0.9391051,,,
high_confidence_error,CA-15_10_05_2016_CA-15_0018117.JPG,part0/sub050/CA-15_10_05_2016_CA-15_0018117.JPG,/Users/mihnea/Desktop/Proiecte personale/wildlife-image-classification/data/processed/cropped_images/part0/sub050/CA-15_10_05_2016_CA-15_0018117.JPG,bobcat,empty,0.96318287,bobcat,0.019516086,0.94366676,,,
high_confidence_error,2016_Unit160_Ivan070_img0091.jpg,part0/sub031/2016_Unit160_Ivan070_img0091.jpg,/Users/mihnea/Desktop/Proiecte personale/wildlife-image-classification/data/processed/cropped_images/part0/sub031/2016_Unit160_Ivan070_img0091.jpg,coyote,mule_deer,0.95865643,red_deer,0.038457222,0.9201992,,,
high_confidence_error,CA-05_03_03_2015_CA-05_0000169.jpg,part0/sub038/CA-05_03_03_2015_CA-05_0000169.jpg,/Users/mihnea/Desktop/Proiecte personale/wildlife-image-classification/data/processed/cropped_images/part0/sub038/CA-05_03_03_2015_CA-05_0000169.jpg,bobcat,empty,0.9585641,bobcat,0.017863883,0.94070023,,,
high_confidence_error,CA-04_05_04_2016_CA-04_0013344.JPG,part0/sub036/CA-04_05_04_2016_CA-04_0013344.JPG,/Users/mihnea/Desktop/Proiecte personale/wildlife-image-classification/data/processed/cropped_images/part0/sub036/CA-04_05_04_2016_CA-04_0013344.JPG,black_bear,wild_boar,0.9515105,black_bear,0.047860492,0.90365,,,
high_confidence_error,FL-17_01_20_2016_FL-17_0064379.jpg,part1/sub199/FL-17_01_20_2016_FL-17_0064379.jpg,/Users/mihnea/Desktop/Proiecte personale/wildlife-image-classification/data/processed/cropped_images/part1/sub199/FL-17_01_20_2016_FL-17_0064379.jpg,raccoon,empty,0.94983184,raccoon,0.039021116,0.9108107,,,
high_confidence_error,2016_Unit189_Ivan020_img0256.jpg,part0/sub032/2016_Unit189_Ivan020_img0256.jpg,/Users/mihnea/Desktop/Proiecte personale/wildlife-image-classification/data/processed/cropped_images/part0/sub032/2016_Unit189_Ivan020_img0256.jpg,mule_deer,red_deer,0.9495589,mule_deer,0.049373865,0.90018505,,,
high_confidence_error,FL-04_05_02_2016_FL-04_0019826.JPG,part1/sub128/FL-04_05_02_2016_FL-04_0019826.JPG,/Users/mihnea/Desktop/Proiecte personale/wildlife-image-classification/data/processed/cropped_images/part1/sub128/FL-04_05_02_2016_FL-04_0019826.JPG,wild_boar,raccoon,0.94715893,wild_boar,0.035585575,0.91157335,,,
high_confidence_error,FL-22_06_02_2016_FL-22_0105438.JPG,part2/sub225/FL-22_06_02_2016_FL-22_0105438.JPG,/Users/mihnea/Desktop/Proiecte personale/wildlife-image-classification/data/processed/cropped_images/part2/sub225/FL-22_06_02_2016_FL-22_0105438.JPG,coyote,raccoon,0.9451042,bobcat,0.025499962,0.91960424,,,
high_confidence_error,2015_Unit028_SWTB001_img0793.jpg,part0/sub019/2015_Unit028_SWTB001_img0793.jpg,/Users/mihnea/Desktop/Proiecte personale/wildlife-image-classification/data/processed/cropped_images/part0/sub019/2015_Unit028_SWTB001_img0793.jpg,mule_deer,red_deer,0.9405107,mule_deer,0.018857487,0.9216532,,,
high_confidence_error,2016_Unit102_SWTB021_img0218.jpg,part0/sub029/2016_Unit102_SWTB021_img0218.jpg,/Users/mihnea/Desktop/Proiecte personale/wildlife-image-classification/data/processed/cropped_images/part0/sub029/2016_Unit102_SWTB021_img0218.jpg,mule_deer,red_deer,0.93454,mule_deer,0.058616318,0.87592363,,,
high_confidence_error,FL-16_0119231.JPG,part3/sub335/FL-16_0119231.JPG,/Users/mihnea/Desktop/Proiecte personale/wildlife-image-classification/data/processed/cropped_images/part3/sub335/FL-16_0119231.JPG,empty,raccoon,0.93118525,empty,0.052057173,0.8791281,,,
high_confidence_error,FL-09_11_02_2015_FL-09_0038733.jpg,part1/sub169/FL-09_11_02_2015_FL-09_0038733.jpg,/Users/mihnea/Desktop/Proiecte personale/wildlife-image-classification/data/processed/cropped_images/part1/sub169/FL-09_11_02_2015_FL-09_0038733.jpg,bobcat,raccoon,0.92782944,bobcat,0.039553516,0.8882759,,,
high_confidence_error,FL-40_06_03_2016_FL-40_0018687.JPG,part2/sub284/FL-40_06_03_2016_FL-40_0018687.JPG,/Users/mihnea/Desktop/Proiecte personale/wildlife-image-classification/data/processed/cropped_images/part2/sub284/FL-40_06_03_2016_FL-40_0018687.JPG,wild_boar,coyote,0.92505103,wild_boar,0.05666554,0.8683855,,,
high_confidence_error,FL-29_03_07_2016_FL-29_0055285.JPG,part2/sub251/FL-29_03_07_2016_FL-29_0055285.JPG,/Users/mihnea/Desktop/Proiecte personale/wildlife-image-classification/data/processed/cropped_images/part2/sub251/FL-29_03_07_2016_FL-29_0055285.JPG,wild_boar,raccoon,0.9198063,coyote,0.04016716,0.87963915,,,
high_confidence_error,FL-05_07_28_2015_FL-05_0022853.jpg,part1/sub134/FL-05_07_28_2015_FL-05_0022853.jpg,/Users/mihnea/Desktop/Proiecte personale/wildlife-image-classification/data/processed/cropped_images/part1/sub134/FL-05_07_28_2015_FL-05_0022853.jpg,bobcat,raccoon,0.9153066,bobcat,0.0608694,0.85443723,,,
high_confidence_error,CA-04_09_09_2016_CA-04_0022772.JPG,part0/sub038/CA-04_09_09_2016_CA-04_0022772.JPG,/Users/mihnea/Desktop/Proiecte personale/wildlife-image-classification/data/processed/cropped_images/part0/sub038/CA-04_09_09_2016_CA-04_0022772.JPG,black_bear,empty,0.91419894,bobcat,0.031036664,0.88316226,,,
high_confidence_error,2015_Unit189_Ivan088_img0051.jpg,part0/sub023/2015_Unit189_Ivan088_img0051.jpg,/Users/mihnea/Desktop/Proiecte personale/wildlife-image-classification/data/processed/cropped_images/part0/sub023/2015_Unit189_Ivan088_img0051.jpg,red_deer,coyote,0.913608,mule_deer,0.05932629,0.8542817,,,
high_confidence_error,FL-38_03_07_2016_FL-38_0030022.JPG,part2/sub281/FL-38_03_07_2016_FL-38_0030022.JPG,/Users/mihnea/Desktop/Proiecte personale/wildlife-image-classification/data/processed/cropped_images/part2/sub281/FL-38_03_07_2016_FL-38_0030022.JPG,bobcat,raccoon,0.9095685,empty,0.031712342,0.87785614,,,
high_confidence_error,FL-37_09_08_2016_FL-37_0028630.JPG,part2/sub279/FL-37_09_08_2016_FL-37_0028630.JPG,/Users/mihnea/Desktop/Proiecte personale/wildlife-image-classification/data/processed/cropped_images/part2/sub279/FL-37_09_08_2016_FL-37_0028630.JPG,wild_boar,raccoon,0.90394706,coyote,0.036487903,0.8674592,,,
high_confidence_error,2016_Unit110_Ivan129_img0814.jpg,part0/sub030/2016_Unit110_Ivan129_img0814.jpg,/Users/mihnea/Desktop/Proiecte personale/wildlife-image-classification/data/processed/cropped_images/part0/sub030/2016_Unit110_Ivan129_img0814.jpg,red_deer,mule_deer,0.9031205,red_deer,0.086352415,0.8167681,,,
high_confidence_error,FL-21_11_02_2015_FL-21_0020357.jpg,part2/sub219/FL-21_11_02_2015_FL-21_0020357.jpg,/Users/mihnea/Desktop/Proiecte personale/wildlife-image-classification/data/processed/cropped_images/part2/sub219/FL-21_11_02_2015_FL-21_0020357.jpg,raccoon,empty,0.89912456,raccoon,0.09436476,0.8047598,,,
high_confidence_error,2010_Unit154_Ivan111_img3187.jpg,part0/sub001/2010_Unit154_Ivan111_img3187.jpg,/Users/mihnea/Desktop/Proiecte personale/wildlife-image-classification/data/processed/cropped_images/part0/sub001/2010_Unit154_Ivan111_img3187.jpg,black_bear,mule_deer,0.8911898,raccoon,0.05745593,0.83373386,,,
high_confidence_error,2014_Unit164_Ivan084_img0333.jpg,part0/sub011/2014_Unit164_Ivan084_img0333.jpg,/Users/mihnea/Desktop/Proiecte personale/wildlife-image-classification/data/processed/cropped_images/part0/sub011/2014_Unit164_Ivan084_img0333.jpg,red_deer,mule_deer,0.8804047,red_deer,0.100657955,0.7797468,,,
high_confidence_error,CA-04_05_04_2016_CA-04_0015403.JPG,part0/sub036/CA-04_05_04_2016_CA-04_0015403.JPG,/Users/mihnea/Desktop/Proiecte personale/wildlife-image-classification/data/processed/cropped_images/part0/sub036/CA-04_05_04_2016_CA-04_0015403.JPG,bobcat,raccoon,0.8780582,bobcat,0.119805254,0.7582529,,,
high_confidence_error,FL-18_12_08_2015_FL-18_0016892.jpg,part2/sub208/FL-18_12_08_2015_FL-18_0016892.jpg,/Users/mihnea/Desktop/Proiecte personale/wildlife-image-classification/data/processed/cropped_images/part2/sub208/FL-18_12_08_2015_FL-18_0016892.jpg,bobcat,raccoon,0.8713618,bobcat,0.10774622,0.76361555,,,
high_confidence_error,2014_Unit120_SWTB008_img1148.jpg,part0/sub011/2014_Unit120_SWTB008_img1148.jpg,/Users/mihnea/Desktop/Proiecte personale/wildlife-image-classification/data/processed/cropped_images/part0/sub011/2014_Unit120_SWTB008_img1148.jpg,mule_deer,red_deer,0.8690977,mule_deer,0.08918655,0.77991116,,,
high_confidence_error,FL-06_0034875.JPG,part3/sub307/FL-06_0034875.JPG,/Users/mihnea/Desktop/Proiecte personale/wildlife-image-classification/data/processed/cropped_images/part3/sub307/FL-06_0034875.JPG,empty,raccoon,0.86639833,empty,0.116820976,0.74957734,,,
high_confidence_error,CA-33_06_02_2016_CA-33_0026017.JPG,part0/sub084/CA-33_06_02_2016_CA-33_0026017.JPG,/Users/mihnea/Desktop/Proiecte personale/wildlife-image-classification/data/processed/cropped_images/part0/sub084/CA-33_06_02_2016_CA-33_0026017.JPG,black_bear,wild_boar,0.8619026,raccoon,0.09636633,0.76553625,,,
high_confidence_error,CA-18_08_03_2015_CA-18_0011743.jpg,part0/sub057/CA-18_08_03_2015_CA-18_0011743.jpg,/Users/mihnea/Desktop/Proiecte personale/wildlife-image-classification/data/processed/cropped_images/part0/sub057/CA-18_08_03_2015_CA-18_0011743.jpg,bobcat,raccoon,0.86187667,bobcat,0.0754216,0.78645504,,,
high_confidence_error,CA-22_02_11_2016_CA-22_0013644.jpg,part0/sub062/CA-22_02_11_2016_CA-22_0013644.jpg,/Users/mihnea/Desktop/Proiecte personale/wildlife-image-classification/data/processed/cropped_images/part0/sub062/CA-22_02_11_2016_CA-22_0013644.jpg,coyote,bobcat,0.8577663,raccoon,0.08519131,0.77257496,,,
high_confidence_error,FL-10_0013459.JPG,part3/sub305/FL-10_0013459.JPG,/Users/mihnea/Desktop/Proiecte personale/wildlife-image-classification/data/processed/cropped_images/part3/sub305/FL-10_0013459.JPG,empty,raccoon,0.8535363,empty,0.06061631,0.79292,,,
high_confidence_error,2015_Unit006_Ivan137_img0027.jpg,part0/sub018/2015_Unit006_Ivan137_img0027.jpg,/Users/mihnea/Desktop/Proiecte personale/wildlife-image-classification/data/processed/cropped_images/part0/sub018/2015_Unit006_Ivan137_img0027.jpg,red_deer,mule_deer,0.85211635,coyote,0.11246054,0.7396558,,,
high_confidence_error,2014_Unit70_Ivan140_img2133.jpg,part0/sub016/2014_Unit70_Ivan140_img2133.jpg,/Users/mihnea/Desktop/Proiecte personale/wildlife-image-classification/data/processed/cropped_images/part0/sub016/2014_Unit70_Ivan140_img2133.jpg,black_bear,mule_deer,0.85123134,red_deer,0.14390983,0.7073215,,,
high_confidence_error,FL-04_0001098.jpg,part3/sub304/FL-04_0001098.jpg,/Users/mihnea/Desktop/Proiecte personale/wildlife-image-classification/data/processed/cropped_images/part3/sub304/FL-04_0001098.jpg,empty,raccoon,0.8479356,bobcat,0.14779617,0.70013946,,,
high_confidence_error,CA-03_08_13_2015_CA-03_0010989.jpg,part0/sub035/CA-03_08_13_2015_CA-03_0010989.jpg,/Users/mihnea/Desktop/Proiecte personale/wildlife-image-classification/data/processed/cropped_images/part0/sub035/CA-03_08_13_2015_CA-03_0010989.jpg,wild_boar,bobcat,0.83873117,wild_boar,0.13289993,0.7058312,,,
high_confidence_error,2010_Unit157_Ivan108_img0258.jpg,part0/sub002/2010_Unit157_Ivan108_img0258.jpg,/Users/mihnea/Desktop/Proiecte personale/wildlife-image-classification/data/processed/cropped_images/part0/sub002/2010_Unit157_Ivan108_img0258.jpg,coyote,red_deer,0.83161664,coyote,0.08602725,0.7455894,,,
high_confidence_error,2016_Unit031_Ivan077_img1073.jpg,part0/sub026/2016_Unit031_Ivan077_img1073.jpg,/Users/mihnea/Desktop/Proiecte personale/wildlife-image-classification/data/processed/cropped_images/part0/sub026/2016_Unit031_Ivan077_img1073.jpg,mule_deer,coyote,0.8312742,mule_deer,0.14468093,0.6865933,,,
high_confidence_error,FL-42_12_08_2015_FL-42_0004254.jpg,part2/sub289/FL-42_12_08_2015_FL-42_0004254.jpg,/Users/mihnea/Desktop/Proiecte personale/wildlife-image-classification/data/processed/cropped_images/part2/sub289/FL-42_12_08_2015_FL-42_0004254.jpg,wild_boar,raccoon,0.82836866,wild_boar,0.069730476,0.7586382,,,
high_confidence_error,FL-31_05_03_2016_FL-31_0051847.JPG,part2/sub263/FL-31_05_03_2016_FL-31_0051847.JPG,/Users/mihnea/Desktop/Proiecte personale/wildlife-image-classification/data/processed/cropped_images/part2/sub263/FL-31_05_03_2016_FL-31_0051847.JPG,wild_boar,raccoon,0.8248319,wild_boar,0.17116873,0.65366316,,,
high_confidence_error,FL-16_05_02_2016_FL-16_0120540.JPG,part1/sub190/FL-16_05_02_2016_FL-16_0120540.JPG,/Users/mihnea/Desktop/Proiecte personale/wildlife-image-classification/data/processed/cropped_images/part1/sub190/FL-16_05_02_2016_FL-16_0120540.JPG,coyote,raccoon,0.8214461,bobcat,0.13315316,0.688293,,,
false_empty,FL-12_09_01_2016_FL-12_0073762.JPG,part1/sub177/FL-12_09_01_2016_FL-12_0073762.JPG,/Users/mihnea/Desktop/Proiecte personale/wildlife-image-classification/data/processed/cropped_images/part1/sub177/FL-12_09_01_2016_FL-12_0073762.JPG,wild_boar,empty,0.8200095,raccoon,0.081031665,0.73897785,,,
false_empty,FL-11_08_04_2016_FL-11_0022295.JPG,part1/sub171/FL-11_08_04_2016_FL-11_0022295.JPG,/Users/mihnea/Desktop/Proiecte personale/wildlife-image-classification/data/processed/cropped_images/part1/sub171/FL-11_08_04_2016_FL-11_0022295.JPG,black_bear,empty,0.79728013,bobcat,0.06527037,0.73200977,,,
false_empty,CA-20_10_13_2015_CA-20_0012508.jpg,part0/sub062/CA-20_10_13_2015_CA-20_0012508.jpg,/Users/mihnea/Desktop/Proiecte personale/wildlife-image-classification/data/processed/cropped_images/part0/sub062/CA-20_10_13_2015_CA-20_0012508.jpg,black_bear,empty,0.7913611,bobcat,0.09329004,0.69807106,,,
false_empty,FL-32_06_03_2016_FL-32_0013404.JPG,part2/sub267/FL-32_06_03_2016_FL-32_0013404.JPG,/Users/mihnea/Desktop/Proiecte personale/wildlife-image-classification/data/processed/cropped_images/part2/sub267/FL-32_06_03_2016_FL-32_0013404.JPG,coyote,empty,0.78945804,raccoon,0.10511959,0.68433845,,,
false_empty,CA-24_09_09_2016_CA-24_0021373.JPG,part0/sub066/CA-24_09_09_2016_CA-24_0021373.JPG,/Users/mihnea/Desktop/Proiecte personale/wildlife-image-classification/data/processed/cropped_images/part0/sub066/CA-24_09_09_2016_CA-24_0021373.JPG,bobcat,empty,0.7844182,wild_boar,0.08946721,0.694951,,,
false_empty,CA-13_10_05_2016_CA-13_0012069.JPG,part0/sub048/CA-13_10_05_2016_CA-13_0012069.JPG,/Users/mihnea/Desktop/Proiecte personale/wildlife-image-classification/data/processed/cropped_images/part0/sub048/CA-13_10_05_2016_CA-13_0012069.JPG,wild_boar,empty,0.75964576,bobcat,0.1645992,0.5950466,,,
false_empty,CA-16_10_11_2016_CA-16_0006441.JPG,part0/sub050/CA-16_10_11_2016_CA-16_0006441.JPG,/Users/mihnea/Desktop/Proiecte personale/wildlife-image-classification/data/processed/cropped_images/part0/sub050/CA-16_10_11_2016_CA-16_0006441.JPG,black_bear,empty,0.749779,bobcat,0.21600118,0.53377783,,,
false_empty,CA-45_04_07_2016_CA-45_0013343.JPG,part1/sub107/CA-45_04_07_2016_CA-45_0013343.JPG,/Users/mihnea/Desktop/Proiecte personale/wildlife-image-classification/data/processed/cropped_images/part1/sub107/CA-45_04_07_2016_CA-45_0013343.JPG,bobcat,empty,0.7182055,wild_boar,0.1894923,0.5287132,,,
false_empty,FL-40_10_01_2015_FL-40_0000450.jpg,part2/sub285/FL-40_10_01_2015_FL-40_0000450.jpg,/Users/mihnea/Desktop/Proiecte personale/wildlife-image-classification/data/processed/cropped_images/part2/sub285/FL-40_10_01_2015_FL-40_0000450.jpg,wild_boar,empty,0.7077215,raccoon,0.20126262,0.5064589,,,
false_empty,CA-32_08_17_2015_CA-32_0003040.jpg,part0/sub084/CA-32_08_17_2015_CA-32_0003040.jpg,/Users/mihnea/Desktop/Proiecte personale/wildlife-image-classification/data/processed/cropped_images/part0/sub084/CA-32_08_17_2015_CA-32_0003040.jpg,coyote,empty,0.7039803,wild_boar,0.15392068,0.5500597,,,
false_empty,FL-35_08_15_2016_FL-35_0050401.JPG,part2/sub274/FL-35_08_15_2016_FL-35_0050401.JPG,/Users/mihnea/Desktop/Proiecte personale/wildlife-image-classification/data/processed/cropped_images/part2/sub274/FL-35_08_15_2016_FL-35_0050401.JPG,raccoon,empty,0.6890337,raccoon,0.2918113,0.3972224,,,
false_empty,FL-36_06_03_2016_FL-36_0021061.JPG,part2/sub276/FL-36_06_03_2016_FL-36_0021061.JPG,/Users/mihnea/Desktop/Proiecte personale/wildlife-image-classification/data/processed/cropped_images/part2/sub276/FL-36_06_03_2016_FL-36_0021061.JPG,raccoon,empty,0.66333514,raccoon,0.27511215,0.388223,,,
false_empty,CA-09_08_13_2015_CA-09_0003284.jpg,part0/sub042/CA-09_08_13_2015_CA-09_0003284.jpg,/Users/mihnea/Desktop/Proiecte personale/wildlife-image-classification/data/processed/cropped_images/part0/sub042/CA-09_08_13_2015_CA-09_0003284.jpg,bobcat,empty,0.64867246,bobcat,0.19795087,0.4507216,,,
false_empty,CA-13_08_12_2015_CA-13_0005982.jpg,part0/sub048/CA-13_08_12_2015_CA-13_0005982.jpg,/Users/mihnea/Desktop/Proiecte personale/wildlife-image-classification/data/processed/cropped_images/part0/sub048/CA-13_08_12_2015_CA-13_0005982.jpg,bobcat,empty,0.64814925,bobcat,0.23829177,0.40985748,,,
false_empty,FL-01_01_25_2016_FL-01_0043863.jpg,part1/sub110/FL-01_01_25_2016_FL-01_0043863.jpg,/Users/mihnea/Desktop/Proiecte personale/wildlife-image-classification/data/processed/cropped_images/part1/sub110/FL-01_01_25_2016_FL-01_0043863.jpg,coyote,empty,0.635832,raccoon,0.13389775,0.5019343,,,
false_empty,CA-08_10_14_2015_CA-08_0006191.jpg,part0/sub042/CA-08_10_14_2015_CA-08_0006191.jpg,/Users/mihnea/Desktop/Proiecte personale/wildlife-image-classification/data/processed/cropped_images/part0/sub042/CA-08_10_14_2015_CA-08_0006191.jpg,wild_boar,empty,0.62486136,bobcat,0.17678946,0.4480719,,,
false_empty,FL-25_05_02_2016_FL-25_0025866.JPG,part2/sub237/FL-25_05_02_2016_FL-25_0025866.JPG,/Users/mihnea/Desktop/Proiecte personale/wildlife-image-classification/data/processed/cropped_images/part2/sub237/FL-25_05_02_2016_FL-25_0025866.JPG,raccoon,empty,0.6196953,raccoon,0.36179695,0.25789836,,,
false_empty,CA-38_10_07_2015_CA-38_0023157.jpg,part0/sub095/CA-38_10_07_2015_CA-38_0023157.jpg,/Users/mihnea/Desktop/Proiecte personale/wildlife-image-classification/data/processed/cropped_images/part0/sub095/CA-38_10_07_2015_CA-38_0023157.jpg,black_bear,empty,0.6182584,bobcat,0.15439029,0.46386814,,,
false_empty,CA-14_08_12_2015_CA-14_0002830.jpg,part0/sub049/CA-14_08_12_2015_CA-14_0002830.jpg,/Users/mihnea/Desktop/Proiecte personale/wildlife-image-classification/data/processed/cropped_images/part0/sub049/CA-14_08_12_2015_CA-14_0002830.jpg,bobcat,empty,0.5996873,black_bear,0.21429633,0.38539094,,,
false_empty,FL-18_08_04_2016_FL-18_0026907.JPG,part2/sub208/FL-18_08_04_2016_FL-18_0026907.JPG,/Users/mihnea/Desktop/Proiecte personale/wildlife-image-classification/data/processed/cropped_images/part2/sub208/FL-18_08_04_2016_FL-18_0026907.JPG,wild_boar,empty,0.5851908,wild_boar,0.34188148,0.24330929,,,
false_empty,FL-26_03_07_2016_FL-26_0025856.JPG,part2/sub239/FL-26_03_07_2016_FL-26_0025856.JPG,/Users/mihnea/Desktop/Proiecte personale/wildlife-image-classification/data/processed/cropped_images/part2/sub239/FL-26_03_07_2016_FL-26_0025856.JPG,raccoon,empty,0.5842706,raccoon,0.3636019,0.2206687,,,
false_empty,CA-28_12_01_2015_CA-28_0013603.jpg,part0/sub073/CA-28_12_01_2015_CA-28_0013603.jpg,/Users/mihnea/Desktop/Proiecte personale/wildlife-image-classification/data/processed/cropped_images/part0/sub073/CA-28_12_01_2015_CA-28_0013603.jpg,black_bear,empty,0.57500255,wild_boar,0.16235957,0.412643,,,
false_empty,CA-28_10_16_2015_CA-28_0012666.jpg,part0/sub073/CA-28_10_16_2015_CA-28_0012666.jpg,/Users/mihnea/Desktop/Proiecte personale/wildlife-image-classification/data/processed/cropped_images/part0/sub073/CA-28_10_16_2015_CA-28_0012666.jpg,black_bear,empty,0.55312544,black_bear,0.3210183,0.23210713,,,
false_empty,FL-35_11_03_2015_FL-35_0003523.jpg,part2/sub275/FL-35_11_03_2015_FL-35_0003523.jpg,/Users/mihnea/Desktop/Proiecte personale/wildlife-image-classification/data/processed/cropped_images/part2/sub275/FL-35_11_03_2015_FL-35_0003523.jpg,raccoon,empty,0.5501776,raccoon,0.36274382,0.18743375,,,
false_empty,FL-21_12_08_2015_FL-21_0020682.jpg,part2/sub219/FL-21_12_08_2015_FL-21_0020682.jpg,/Users/mihnea/Desktop/Proiecte personale/wildlife-image-classification/data/processed/cropped_images/part2/sub219/FL-21_12_08_2015_FL-21_0020682.jpg,raccoon,empty,0.5444032,raccoon,0.40754506,0.13685814,,,
false_empty,CA-27_09_16_2015_CA-27_0008025.jpg,part0/sub070/CA-27_09_16_2015_CA-27_0008025.jpg,/Users/mihnea/Desktop/Proiecte personale/wildlife-image-classification/data/processed/cropped_images/part0/sub070/CA-27_09_16_2015_CA-27_0008025.jpg,wild_boar,empty,0.5274472,wild_boar,0.33404303,0.1934042,,,
false_empty,FL-08_03_07_2016_FL-08_0019003.JPG,part1/sub161/FL-08_03_07_2016_FL-08_0019003.JPG,/Users/mihnea/Desktop/Proiecte personale/wildlife-image-classification/data/processed/cropped_images/part1/sub161/FL-08_03_07_2016_FL-08_0019003.JPG,bobcat,empty,0.5262394,raccoon,0.2866829,0.23955649,,,
false_empty,CA-10_08_13_2015_CA-10_0015341.jpg,part0/sub044/CA-10_08_13_2015_CA-10_0015341.jpg,/Users/mihnea/Desktop/Proiecte personale/wildlife-image-classification/data/processed/cropped_images/part0/sub044/CA-10_08_13_2015_CA-10_0015341.jpg,bobcat,empty,0.5255206,bobcat,0.30364156,0.22187907,,,
false_empty,CA-20_08_13_2015_CA-20_0003906.jpg,part0/sub061/CA-20_08_13_2015_CA-20_0003906.jpg,/Users/mihnea/Desktop/Proiecte personale/wildlife-image-classification/data/processed/cropped_images/part0/sub061/CA-20_08_13_2015_CA-20_0003906.jpg,black_bear,empty,0.5220275,black_bear,0.31437665,0.20765084,,,
false_empty,FL-25_05_02_2016_FL-25_0025503.JPG,part2/sub237/FL-25_05_02_2016_FL-25_0025503.JPG,/Users/mihnea/Desktop/Proiecte personale/wildlife-image-classification/data/processed/cropped_images/part2/sub237/FL-25_05_02_2016_FL-25_0025503.JPG,raccoon,empty,0.5103661,raccoon,0.436999,0.07336709,,,
false_empty,FL-35_07_06_2016_FL-35_0047954.JPG,part2/sub274/FL-35_07_06_2016_FL-35_0047954.JPG,/Users/mihnea/Desktop/Proiecte personale/wildlife-image-classification/data/processed/cropped_images/part2/sub274/FL-35_07_06_2016_FL-35_0047954.JPG,raccoon,empty,0.5064193,wild_boar,0.21768793,0.28873137,,,
false_empty,FL-13_04_04_2016_FL-13_0074572.JPG,part1/sub179/FL-13_04_04_2016_FL-13_0074572.JPG,/Users/mihnea/Desktop/Proiecte personale/wildlife-image-classification/data/processed/cropped_images/part1/sub179/FL-13_04_04_2016_FL-13_0074572.JPG,raccoon,empty,0.5012235,raccoon,0.3437346,0.15748891,,,
false_empty,CA-30_09_06_2016_CA-30_0059294.JPG,part0/sub082/CA-30_09_06_2016_CA-30_0059294.JPG,/Users/mihnea/Desktop/Proiecte personale/wildlife-image-classification/data/processed/cropped_images/part0/sub082/CA-30_09_06_2016_CA-30_0059294.JPG,bobcat,empty,0.49747717,wild_boar,0.32469317,0.172784,,,
false_empty,CA-04_06_06_2016_CA-04_0019014.JPG,part0/sub037/CA-04_06_06_2016_CA-04_0019014.JPG,/Users/mihnea/Desktop/Proiecte personale/wildlife-image-classification/data/processed/cropped_images/part0/sub037/CA-04_06_06_2016_CA-04_0019014.JPG,black_bear,empty,0.48039272,raccoon,0.20804831,0.2723444,,,
false_empty,FL-31_07_29_2015_FL-31_0021254.jpg,part2/sub265/FL-31_07_29_2015_FL-31_0021254.jpg,/Users/mihnea/Desktop/Proiecte personale/wildlife-image-classification/data/processed/cropped_images/part2/sub265/FL-31_07_29_2015_FL-31_0021254.jpg,wild_boar,empty,0.4681925,wild_boar,0.21922234,0.24897015,,,
false_empty,FL-19_03_07_2016_FL-19_0047708.JPG,part2/sub208/FL-19_03_07_2016_FL-19_0047708.JPG,/Users/mihnea/Desktop/Proiecte personale/wildlife-image-classification/data/processed/cropped_images/part2/sub208/FL-19_03_07_2016_FL-19_0047708.JPG,raccoon,empty,0.4506731,raccoon,0.25388157,0.19679153,,,
false_empty,FL-37_03_08_2016_FL-37_0008440.JPG,part2/sub277/FL-37_03_08_2016_FL-37_0008440.JPG,/Users/mihnea/Desktop/Proiecte personale/wildlife-image-classification/data/processed/cropped_images/part2/sub277/FL-37_03_08_2016_FL-37_0008440.JPG,raccoon,empty,0.4196075,raccoon,0.34211314,0.07749435,,,
false_empty,2016_Unit037_Ivan059_img0150.jpg,part0/sub026/2016_Unit037_Ivan059_img0150.jpg,/Users/mihnea/Desktop/Proiecte personale/wildlife-image-classification/data/processed/cropped_images/part0/sub026/2016_Unit037_Ivan059_img0150.jpg,bobcat,empty,0.4159461,bobcat,0.3451123,0.0708338,,,
false_empty,FL-16_11_02_2015_FL-16_0094524.jpg,part1/sub198/FL-16_11_02_2015_FL-16_0094524.jpg,/Users/mihnea/Desktop/Proiecte personale/wildlife-image-classification/data/processed/cropped_images/part1/sub198/FL-16_11_02_2015_FL-16_0094524.jpg,raccoon,empty,0.41501373,raccoon,0.4089167,0.0060970187,,,
false_empty,CA-42_12_02_2015_CA-42_0012615.jpg,part1/sub102/CA-42_12_02_2015_CA-42_0012615.jpg,/Users/mihnea/Desktop/Proiecte personale/wildlife-image-classification/data/processed/cropped_images/part1/sub102/CA-42_12_02_2015_CA-42_0012615.jpg,black_bear,empty,0.34763506,wild_boar,0.32803646,0.019598603,,,
false_empty,FL-01_06_29_2015_FL-01_0033270.jpg,part1/sub115/FL-01_06_29_2015_FL-01_0033270.jpg,/Users/mihnea/Desktop/Proiecte personale/wildlife-image-classification/data/processed/cropped_images/part1/sub115/FL-01_06_29_2015_FL-01_0033270.jpg,wild_boar,empty,0.34054524,raccoon,0.31686908,0.023676157,,,
false_empty,CA-15_11_02_2015_CA-15_0008326.jpg,part0/sub050/CA-15_11_02_2015_CA-15_0008326.jpg,/Users/mihnea/Desktop/Proiecte personale/wildlife-image-classification/data/processed/cropped_images/part0/sub050/CA-15_11_02_2015_CA-15_0008326.jpg,black_bear,empty,0.33066946,wild_boar,0.22708414,0.10358532,,,
empty_predicted_as_animal,FL-04_0010014.jpg,part3/sub304/FL-04_0010014.jpg,/Users/mihnea/Desktop/Proiecte personale/wildlife-image-classification/data/processed/cropped_images/part3/sub304/FL-04_0010014.jpg,empty,raccoon,0.81559384,empty,0.09280822,0.7227856,,,
empty_predicted_as_animal,FL-16_0127011.JPG,part3/sub335/FL-16_0127011.JPG,/Users/mihnea/Desktop/Proiecte personale/wildlife-image-classification/data/processed/cropped_images/part3/sub335/FL-16_0127011.JPG,empty,raccoon,0.8035632,empty,0.11082641,0.69273674,,,
empty_predicted_as_animal,FL-10_0015701.JPG,part3/sub305/FL-10_0015701.JPG,/Users/mihnea/Desktop/Proiecte personale/wildlife-image-classification/data/processed/cropped_images/part3/sub305/FL-10_0015701.JPG,empty,raccoon,0.77761066,wild_boar,0.06044587,0.7171648,,,
empty_predicted_as_animal,CA-08_0003467.jpg,part3/sub319/CA-08_0003467.jpg,/Users/mihnea/Desktop/Proiecte personale/wildlife-image-classification/data/processed/cropped_images/part3/sub319/CA-08_0003467.jpg,empty,raccoon,0.77188855,bobcat,0.1862141,0.58567446,,,
empty_predicted_as_animal,FL-25_0012413.jpg,part3/sub314/FL-25_0012413.jpg,/Users/mihnea/Desktop/Proiecte personale/wildlife-image-classification/data/processed/cropped_images/part3/sub314/FL-25_0012413.jpg,empty,raccoon,0.7696325,empty,0.09361147,0.67602104,,,
empty_predicted_as_animal,FL-20_0033911.JPG,part3/sub332/FL-20_0033911.JPG,/Users/mihnea/Desktop/Proiecte personale/wildlife-image-classification/data/processed/cropped_images/part3/sub332/FL-20_0033911.JPG,empty,raccoon,0.76291335,empty,0.15138611,0.6115272,,,
empty_predicted_as_animal,FL-18_0020722.JPG,part3/sub306/FL-18_0020722.JPG,/Users/mihnea/Desktop/Proiecte personale/wildlife-image-classification/data/processed/cropped_images/part3/sub306/FL-18_0020722.JPG,empty,raccoon,0.6837883,empty,0.17079307,0.51299524,,,
empty_predicted_as_animal,FL-11_0021564.JPG,part2/sub295/FL-11_0021564.JPG,/Users/mihnea/Desktop/Proiecte personale/wildlife-image-classification/data/processed/cropped_images/part2/sub295/FL-11_0021564.JPG,empty,raccoon,0.6797992,wild_boar,0.094967775,0.5848314,,,
empty_predicted_as_animal,FL-20_0047411.JPG,part3/sub332/FL-20_0047411.JPG,/Users/mihnea/Desktop/Proiecte personale/wildlife-image-classification/data/processed/cropped_images/part3/sub332/FL-20_0047411.JPG,empty,raccoon,0.6451999,empty,0.34953368,0.29566622,,,
empty_predicted_as_animal,FL-11_0024279.JPG,part2/sub295/FL-11_0024279.JPG,/Users/mihnea/Desktop/Proiecte personale/wildlife-image-classification/data/processed/cropped_images/part2/sub295/FL-11_0024279.JPG,empty,raccoon,0.63516444,wild_boar,0.22179352,0.4133709,,,
empty_predicted_as_animal,FL-19_0069384.JPG,part3/sub326/FL-19_0069384.JPG,/Users/mihnea/Desktop/Proiecte personale/wildlife-image-classification/data/processed/cropped_images/part3/sub326/FL-19_0069384.JPG,empty,raccoon,0.6203534,empty,0.13908438,0.481269,,,
empty_predicted_as_animal,FL-25_0029909.JPG,part3/sub314/FL-25_0029909.JPG,/Users/mihnea/Desktop/Proiecte personale/wildlife-image-classification/data/processed/cropped_images/part3/sub314/FL-25_0029909.JPG,empty,raccoon,0.61190665,empty,0.1934052,0.41850144,,,
empty_predicted_as_animal,FL-13_0059671.jpg,part3/sub322/FL-13_0059671.jpg,/Users/mihnea/Desktop/Proiecte personale/wildlife-image-classification/data/processed/cropped_images/part3/sub322/FL-13_0059671.jpg,empty,raccoon,0.611658,empty,0.12992086,0.48173714,,,
empty_predicted_as_animal,FL-03_0049564.JPG,part3/sub313/FL-03_0049564.JPG,/Users/mihnea/Desktop/Proiecte personale/wildlife-image-classification/data/processed/cropped_images/part3/sub313/FL-03_0049564.JPG,empty,raccoon,0.6065784,empty,0.3003562,0.3062222,,,
empty_predicted_as_animal,FL-19_0006420.jpg,part3/sub327/FL-19_0006420.jpg,/Users/mihnea/Desktop/Proiecte personale/wildlife-image-classification/data/processed/cropped_images/part3/sub327/FL-19_0006420.jpg,empty,raccoon,0.60039145,empty,0.21014437,0.39024708,,,
empty_predicted_as_animal,CA-18_0028185.JPG,part3/sub315/CA-18_0028185.JPG,/Users/mihnea/Desktop/Proiecte personale/wildlife-image-classification/data/processed/cropped_images/part3/sub315/CA-18_0028185.JPG,empty,black_bear,0.5769148,wild_boar,0.18640357,0.3905112,,,
empty_predicted_as_animal,FL-19_0069056.JPG,part3/sub327/FL-19_0069056.JPG,/Users/mihnea/Desktop/Proiecte personale/wildlife-image-classification/data/processed/cropped_images/part3/sub327/FL-19_0069056.JPG,empty,raccoon,0.5740295,empty,0.31769097,0.25633854,,,
empty_predicted_as_animal,FL-16_0141929.JPG,part3/sub336/FL-16_0141929.JPG,/Users/mihnea/Desktop/Proiecte personale/wildlife-image-classification/data/processed/cropped_images/part3/sub336/FL-16_0141929.JPG,empty,raccoon,0.5717776,empty,0.40731922,0.16445836,,,
empty_predicted_as_animal,FL-08_0024057.JPG,part3/sub310/FL-08_0024057.JPG,/Users/mihnea/Desktop/Proiecte personale/wildlife-image-classification/data/processed/cropped_images/part3/sub310/FL-08_0024057.JPG,empty,raccoon,0.56146866,bobcat,0.22208418,0.3393845,,,
empty_predicted_as_animal,FL-16_0098430.jpg,part3/sub334/FL-16_0098430.jpg,/Users/mihnea/Desktop/Proiecte personale/wildlife-image-classification/data/processed/cropped_images/part3/sub334/FL-16_0098430.jpg,empty,raccoon,0.53894347,wild_boar,0.29234505,0.24659842,,,
empty_predicted_as_animal,FL-02_0006326.jpg,part3/sub326/FL-02_0006326.jpg,/Users/mihnea/Desktop/Proiecte personale/wildlife-image-classification/data/processed/cropped_images/part3/sub326/FL-02_0006326.jpg,empty,raccoon,0.5284011,black_bear,0.20082791,0.32757318,,,
empty_predicted_as_animal,FL-25_0009004.jpg,part3/sub313/FL-25_0009004.jpg,/Users/mihnea/Desktop/Proiecte personale/wildlife-image-classification/data/processed/cropped_images/part3/sub313/FL-25_0009004.jpg,empty,raccoon,0.52180564,empty,0.33370367,0.18810198,,,
empty_predicted_as_animal,FL-19_0040641.jpg,part3/sub326/FL-19_0040641.jpg,/Users/mihnea/Desktop/Proiecte personale/wildlife-image-classification/data/processed/cropped_images/part3/sub326/FL-19_0040641.jpg,empty,coyote,0.5216954,raccoon,0.2650311,0.25666428,,,
empty_predicted_as_animal,CA-22_0001224.jpg,part3/sub317/CA-22_0001224.jpg,/Users/mihnea/Desktop/Proiecte personale/wildlife-image-classification/data/processed/cropped_images/part3/sub317/CA-22_0001224.jpg,empty,coyote,0.51938325,empty,0.330184,0.18919924,,,
empty_predicted_as_animal,FL-09_0034453.jpg,part3/sub323/FL-09_0034453.jpg,/Users/mihnea/Desktop/Proiecte personale/wildlife-image-classification/data/processed/cropped_images/part3/sub323/FL-09_0034453.jpg,empty,raccoon,0.50207037,wild_boar,0.22309807,0.2789723,,,
wild_boar_to_raccoon,CA-08_04_01_2015_CA-08_0000808.jpg,part0/sub041/CA-08_04_01_2015_CA-08_0000808.jpg,/Users/mihnea/Desktop/Proiecte personale/wildlife-image-classification/data/processed/cropped_images/part0/sub041/CA-08_04_01_2015_CA-08_0000808.jpg,wild_boar,raccoon,0.8180584,bobcat,0.12632975,0.6917286,,,
wild_boar_to_raccoon,FL-27_06_02_2015_FL-27_0001063.jpg,part2/sub241/FL-27_06_02_2015_FL-27_0001063.jpg,/Users/mihnea/Desktop/Proiecte personale/wildlife-image-classification/data/processed/cropped_images/part2/sub241/FL-27_06_02_2015_FL-27_0001063.jpg,wild_boar,raccoon,0.8159716,wild_boar,0.09936707,0.71660453,,,
wild_boar_to_raccoon,FL-30_06_03_2015_FL-30_0001398.jpg,part2/sub259/FL-30_06_03_2015_FL-30_0001398.jpg,/Users/mihnea/Desktop/Proiecte personale/wildlife-image-classification/data/processed/cropped_images/part2/sub259/FL-30_06_03_2015_FL-30_0001398.jpg,wild_boar,raccoon,0.77099496,wild_boar,0.119288854,0.6517061,,,
wild_boar_to_raccoon,FL-27_09_02_2016_FL-27_0071821.JPG,part2/sub245/FL-27_09_02_2016_FL-27_0071821.JPG,/Users/mihnea/Desktop/Proiecte personale/wildlife-image-classification/data/processed/cropped_images/part2/sub245/FL-27_09_02_2016_FL-27_0071821.JPG,wild_boar,raccoon,0.7661,bobcat,0.07642937,0.6896706,,,
wild_boar_to_raccoon,FL-44_04_05_2016_FL-44_0003531.JPG,part2/sub290/FL-44_04_05_2016_FL-44_0003531.JPG,/Users/mihnea/Desktop/Proiecte personale/wildlife-image-classification/data/processed/cropped_images/part2/sub290/FL-44_04_05_2016_FL-44_0003531.JPG,wild_boar,raccoon,0.7364675,empty,0.22430232,0.5121652,,,
wild_boar_to_raccoon,FL-23_05_02_2016_FL-23_0020665.JPG,part2/sub230/FL-23_05_02_2016_FL-23_0020665.JPG,/Users/mihnea/Desktop/Proiecte personale/wildlife-image-classification/data/processed/cropped_images/part2/sub230/FL-23_05_02_2016_FL-23_0020665.JPG,wild_boar,raccoon,0.7238834,wild_boar,0.26490006,0.45898333,,,
wild_boar_to_raccoon,FL-16_06_02_2015_FL-16_0020947.jpg,part1/sub193/FL-16_06_02_2015_FL-16_0020947.jpg,/Users/mihnea/Desktop/Proiecte personale/wildlife-image-classification/data/processed/cropped_images/part1/sub193/FL-16_06_02_2015_FL-16_0020947.jpg,wild_boar,raccoon,0.7210417,wild_boar,0.25413236,0.46690932,,,
wild_boar_to_raccoon,FL-27_01_21_2016_FL-27_0045577.jpg,part2/sub240/FL-27_01_21_2016_FL-27_0045577.jpg,/Users/mihnea/Desktop/Proiecte personale/wildlife-image-classification/data/processed/cropped_images/part2/sub240/FL-27_01_21_2016_FL-27_0045577.jpg,wild_boar,raccoon,0.7182982,wild_boar,0.12326786,0.5950303,,,
wild_boar_to_raccoon,FL-22_04_05_2016_FL-22_0094236.JPG,part2/sub221/FL-22_04_05_2016_FL-22_0094236.JPG,/Users/mihnea/Desktop/Proiecte personale/wildlife-image-classification/data/processed/cropped_images/part2/sub221/FL-22_04_05_2016_FL-22_0094236.JPG,wild_boar,raccoon,0.71748817,empty,0.15536767,0.5621205,,,
wild_boar_to_raccoon,FL-03_06_30_2015_FL-03_0019783.jpg,part1/sub126/FL-03_06_30_2015_FL-03_0019783.jpg,/Users/mihnea/Desktop/Proiecte personale/wildlife-image-classification/data/processed/cropped_images/part1/sub126/FL-03_06_30_2015_FL-03_0019783.jpg,wild_boar,raccoon,0.7129003,wild_boar,0.23628324,0.47661704,,,
wild_boar_to_raccoon,FL-19_09_01_2016_FL-19_0066167.JPG,part2/sub213/FL-19_09_01_2016_FL-19_0066167.JPG,/Users/mihnea/Desktop/Proiecte personale/wildlife-image-classification/data/processed/cropped_images/part2/sub213/FL-19_09_01_2016_FL-19_0066167.JPG,wild_boar,raccoon,0.7083487,wild_boar,0.10812087,0.60022783,,,
wild_boar_to_raccoon,FL-21_07_29_2015_FL-21_0014351.jpg,part2/sub218/FL-21_07_29_2015_FL-21_0014351.jpg,/Users/mihnea/Desktop/Proiecte personale/wildlife-image-classification/data/processed/cropped_images/part2/sub218/FL-21_07_29_2015_FL-21_0014351.jpg,wild_boar,raccoon,0.7061477,wild_boar,0.17212832,0.53401935,,,
wild_boar_to_raccoon,FL-13_07_05_2016_FL-13_0084729.JPG,part1/sub182/FL-13_07_05_2016_FL-13_0084729.JPG,/Users/mihnea/Desktop/Proiecte personale/wildlife-image-classification/data/processed/cropped_images/part1/sub182/FL-13_07_05_2016_FL-13_0084729.JPG,wild_boar,raccoon,0.69722337,empty,0.25388312,0.44334024,,,
wild_boar_to_raccoon,FL-30_06_03_2015_FL-30_0008579.jpg,part2/sub259/FL-30_06_03_2015_FL-30_0008579.jpg,/Users/mihnea/Desktop/Proiecte personale/wildlife-image-classification/data/processed/cropped_images/part2/sub259/FL-30_06_03_2015_FL-30_0008579.jpg,wild_boar,raccoon,0.6908041,empty,0.1406416,0.55016255,,,
wild_boar_to_raccoon,FL-37_04_04_2016_FL-37_0009819.JPG,part2/sub277/FL-37_04_04_2016_FL-37_0009819.JPG,/Users/mihnea/Desktop/Proiecte personale/wildlife-image-classification/data/processed/cropped_images/part2/sub277/FL-37_04_04_2016_FL-37_0009819.JPG,wild_boar,raccoon,0.6789785,wild_boar,0.20265639,0.4763221,,,
mule_deer_to_red_deer,2016_Unit129_Ivan109_img0047.jpg,part0/sub030/2016_Unit129_Ivan109_img0047.jpg,/Users/mihnea/Desktop/Proiecte personale/wildlife-image-classification/data/processed/cropped_images/part0/sub030/2016_Unit129_Ivan109_img0047.jpg,mule_deer,red_deer,0.7809229,mule_deer,0.21193436,0.56898856,,,
mule_deer_to_red_deer,2010_Unit152_Ivan090_img0291.jpg,part0/sub000/2010_Unit152_Ivan090_img0291.jpg,/Users/mihnea/Desktop/Proiecte personale/wildlife-image-classification/data/processed/cropped_images/part0/sub000/2010_Unit152_Ivan090_img0291.jpg,mule_deer,red_deer,0.7737312,mule_deer,0.21289603,0.5608351,,,
mule_deer_to_red_deer,2014_Unit170_Ivan101_img0569.jpg,part0/sub012/2014_Unit170_Ivan101_img0569.jpg,/Users/mihnea/Desktop/Proiecte personale/wildlife-image-classification/data/processed/cropped_images/part0/sub012/2014_Unit170_Ivan101_img0569.jpg,mule_deer,red_deer,0.7686619,mule_deer,0.20179218,0.56686974,,,
mule_deer_to_red_deer,2014_Unit58_Ivan061_img0048.jpg,part0/sub015/2014_Unit58_Ivan061_img0048.jpg,/Users/mihnea/Desktop/Proiecte personale/wildlife-image-classification/data/processed/cropped_images/part0/sub015/2014_Unit58_Ivan061_img0048.jpg,mule_deer,red_deer,0.76517516,mule_deer,0.21810345,0.5470717,,,
mule_deer_to_red_deer,2016_Unit074_Ivan092_img4814.jpg,part0/sub028/2016_Unit074_Ivan092_img4814.jpg,/Users/mihnea/Desktop/Proiecte personale/wildlife-image-classification/data/processed/cropped_images/part0/sub028/2016_Unit074_Ivan092_img4814.jpg,mule_deer,red_deer,0.7599137,mule_deer,0.23693389,0.5229798,,,
mule_deer_to_red_deer,2014_Unit97_Ivan093_img2579.jpg,part0/sub017/2014_Unit97_Ivan093_img2579.jpg,/Users/mihnea/Desktop/Proiecte personale/wildlife-image-classification/data/processed/cropped_images/part0/sub017/2014_Unit97_Ivan093_img2579.jpg,mule_deer,red_deer,0.71997964,coyote,0.17098159,0.54899806,,,
mule_deer_to_red_deer,2015_Unit097_Ivan075_img1511.jpg,part0/sub021/2015_Unit097_Ivan075_img1511.jpg,/Users/mihnea/Desktop/Proiecte personale/wildlife-image-classification/data/processed/cropped_images/part0/sub021/2015_Unit097_Ivan075_img1511.jpg,mule_deer,red_deer,0.7092966,mule_deer,0.18326183,0.5260348,,,
mule_deer_to_red_deer,2016_Unit104_Ivan103_img0037.jpg,part0/sub030/2016_Unit104_Ivan103_img0037.jpg,/Users/mihnea/Desktop/Proiecte personale/wildlife-image-classification/data/processed/cropped_images/part0/sub030/2016_Unit104_Ivan103_img0037.jpg,mule_deer,red_deer,0.6776186,mule_deer,0.3206554,0.35696322,,,
mule_deer_to_red_deer,2010_Unit182_Ivan091_img0363.jpg,part0/sub009/2010_Unit182_Ivan091_img0363.jpg,/Users/mihnea/Desktop/Proiecte personale/wildlife-image-classification/data/processed/cropped_images/part0/sub009/2010_Unit182_Ivan091_img0363.jpg,mule_deer,red_deer,0.6619778,mule_deer,0.3341778,0.32780004,,,
mule_deer_to_red_deer,2010_Unit152_Ivan040_img1511.jpg,part0/sub000/2010_Unit152_Ivan040_img1511.jpg,/Users/mihnea/Desktop/Proiecte personale/wildlife-image-classification/data/processed/cropped_images/part0/sub000/2010_Unit152_Ivan040_img1511.jpg,mule_deer,red_deer,0.64394855,mule_deer,0.3558572,0.28809136,,,
mule_deer_to_red_deer,2010_Unit182_Ivan096_img0489.jpg,part0/sub009/2010_Unit182_Ivan096_img0489.jpg,/Users/mihnea/Desktop/Proiecte personale/wildlife-image-classification/data/processed/cropped_images/part0/sub009/2010_Unit182_Ivan096_img0489.jpg,mule_deer,red_deer,0.6089792,mule_deer,0.37192228,0.23705694,,,
mule_deer_to_red_deer,2015_Unit160_Ivan079_img0890.jpg,part0/sub022/2015_Unit160_Ivan079_img0890.jpg,/Users/mihnea/Desktop/Proiecte personale/wildlife-image-classification/data/processed/cropped_images/part0/sub022/2015_Unit160_Ivan079_img0890.jpg,mule_deer,red_deer,0.577835,mule_deer,0.41229776,0.16553727,,,
mule_deer_to_red_deer,2015_Unit074_Ivan125_img1949.jpg,part0/sub021/2015_Unit074_Ivan125_img1949.jpg,/Users/mihnea/Desktop/Proiecte personale/wildlife-image-classification/data/processed/cropped_images/part0/sub021/2015_Unit074_Ivan125_img1949.jpg,mule_deer,red_deer,0.57108337,coyote,0.17941126,0.3916721,,,
mule_deer_to_red_deer,2010_Unit181_Ivan067_img1150.jpg,part0/sub008/2010_Unit181_Ivan067_img1150.jpg,/Users/mihnea/Desktop/Proiecte personale/wildlife-image-classification/data/processed/cropped_images/part0/sub008/2010_Unit181_Ivan067_img1150.jpg,mule_deer,red_deer,0.55225074,mule_deer,0.2788561,0.27339464,,,
red_deer_to_mule_deer,2015_Unit160_Ivan093_img1632.jpg,part0/sub022/2015_Unit160_Ivan093_img1632.jpg,/Users/mihnea/Desktop/Proiecte personale/wildlife-image-classification/data/processed/cropped_images/part0/sub022/2015_Unit160_Ivan093_img1632.jpg,red_deer,mule_deer,0.8173167,red_deer,0.14131278,0.67600393,,,
red_deer_to_mule_deer,2010_Unit154_Ivan111_img2798.jpg,part0/sub001/2010_Unit154_Ivan111_img2798.jpg,/Users/mihnea/Desktop/Proiecte personale/wildlife-image-classification/data/processed/cropped_images/part0/sub001/2010_Unit154_Ivan111_img2798.jpg,red_deer,mule_deer,0.8041154,red_deer,0.1733184,0.630797,,,
red_deer_to_mule_deer,2014_Unit112_Ivan115_img0128.jpg,part0/sub010/2014_Unit112_Ivan115_img0128.jpg,/Users/mihnea/Desktop/Proiecte personale/wildlife-image-classification/data/processed/cropped_images/part0/sub010/2014_Unit112_Ivan115_img0128.jpg,red_deer,mule_deer,0.7858758,red_deer,0.20168081,0.584195,,,
red_deer_to_mule_deer,2016_Unit021_Ivan051_img0958.jpg,part0/sub025/2016_Unit021_Ivan051_img0958.jpg,/Users/mihnea/Desktop/Proiecte personale/wildlife-image-classification/data/processed/cropped_images/part0/sub025/2016_Unit021_Ivan051_img0958.jpg,red_deer,mule_deer,0.76537186,red_deer,0.2241159,0.54125595,,,
red_deer_to_mule_deer,2014_Unit1_Ivan114_img0426.jpg,part0/sub013/2014_Unit1_Ivan114_img0426.jpg,/Users/mihnea/Desktop/Proiecte personale/wildlife-image-classification/data/processed/cropped_images/part0/sub013/2014_Unit1_Ivan114_img0426.jpg,red_deer,mule_deer,0.74480647,red_deer,0.24593534,0.49887115,,,
red_deer_to_mule_deer,2014_Unit178_Ivan039_img0162.jpg,part0/sub012/2014_Unit178_Ivan039_img0162.jpg,/Users/mihnea/Desktop/Proiecte personale/wildlife-image-classification/data/processed/cropped_images/part0/sub012/2014_Unit178_Ivan039_img0162.jpg,red_deer,mule_deer,0.72698313,red_deer,0.2626201,0.46436304,,,
red_deer_to_mule_deer,2014_Unit189_Ivan007_img0109.jpg,part0/sub012/2014_Unit189_Ivan007_img0109.jpg,/Users/mihnea/Desktop/Proiecte personale/wildlife-image-classification/data/processed/cropped_images/part0/sub012/2014_Unit189_Ivan007_img0109.jpg,red_deer,mule_deer,0.70748615,red_deer,0.18588848,0.5215977,,,
red_deer_to_mule_deer,2014_Unit112_Ivan109_img0485.jpg,part0/sub010/2014_Unit112_Ivan109_img0485.jpg,/Users/mihnea/Desktop/Proiecte personale/wildlife-image-classification/data/processed/cropped_images/part0/sub010/2014_Unit112_Ivan109_img0485.jpg,red_deer,mule_deer,0.67941356,red_deer,0.3144459,0.36496764,,,
red_deer_to_mule_deer,2016_Unit112_Ivan118_img0540.jpg,part0/sub030/2016_Unit112_Ivan118_img0540.jpg,/Users/mihnea/Desktop/Proiecte personale/wildlife-image-classification/data/processed/cropped_images/part0/sub030/2016_Unit112_Ivan118_img0540.jpg,red_deer,mule_deer,0.66954297,red_deer,0.29957995,0.36996302,,,
red_deer_to_mule_deer,2016_Unit021_Ivan051_img0744.jpg,part0/sub025/2016_Unit021_Ivan051_img0744.jpg,/Users/mihnea/Desktop/Proiecte personale/wildlife-image-classification/data/processed/cropped_images/part0/sub025/2016_Unit021_Ivan051_img0744.jpg,red_deer,mule_deer,0.6607615,red_deer,0.24162614,0.41913533,,,
red_deer_to_mule_deer,2015_Unit058_Ivan042_img1082.jpg,part0/sub020/2015_Unit058_Ivan042_img1082.jpg,/Users/mihnea/Desktop/Proiecte personale/wildlife-image-classification/data/processed/cropped_images/part0/sub020/2015_Unit058_Ivan042_img1082.jpg,red_deer,mule_deer,0.64879984,red_deer,0.32863283,0.320167,,,
red_deer_to_mule_deer,2010_Unit162_Ivan079_img1503.jpg,part0/sub004/2010_Unit162_Ivan079_img1503.jpg,/Users/mihnea/Desktop/Proiecte personale/wildlife-image-classification/data/processed/cropped_images/part0/sub004/2010_Unit162_Ivan079_img1503.jpg,red_deer,mule_deer,0.64771706,red_deer,0.3399525,0.30776456,,,
red_deer_to_mule_deer,2016_Unit009_Ivan143_img0387.jpg,part0/sub024/2016_Unit009_Ivan143_img0387.jpg,/Users/mihnea/Desktop/Proiecte personale/wildlife-image-classification/data/processed/cropped_images/part0/sub024/2016_Unit009_Ivan143_img0387.jpg,red_deer,mule_deer,0.6438682,red_deer,0.35138106,0.29248714,,,
red_deer_to_mule_deer,2014_Unit160_Ivan092_img0826.jpg,part0/sub011/2014_Unit160_Ivan092_img0826.jpg,/Users/mihnea/Desktop/Proiecte personale/wildlife-image-classification/data/processed/cropped_images/part0/sub011/2014_Unit160_Ivan092_img0826.jpg,red_deer,mule_deer,0.6215204,red_deer,0.36740083,0.25411958,,,
red_deer_to_mule_deer,2015_Unit074_Ivan117_img0847.jpg,part0/sub020/2015_Unit074_Ivan117_img0847.jpg,/Users/mihnea/Desktop/Proiecte personale/wildlife-image-classification/data/processed/cropped_images/part0/sub020/2015_Unit074_Ivan117_img0847.jpg,red_deer,mule_deer,0.61215276,red_deer,0.38106063,0.23109213,,,
red_deer_to_mule_deer,2014_Unit1_Ivan114_img1013.jpg,part0/sub013/2014_Unit1_Ivan114_img1013.jpg,/Users/mihnea/Desktop/Proiecte personale/wildlife-image-classification/data/processed/cropped_images/part0/sub013/2014_Unit1_Ivan114_img1013.jpg,red_deer,mule_deer,0.5878575,red_deer,0.38495326,0.20290422,,,
red_deer_to_mule_deer,2010_Unit157_Ivan108_img0372.jpg,part0/sub002/2010_Unit157_Ivan108_img0372.jpg,/Users/mihnea/Desktop/Proiecte personale/wildlife-image-classification/data/processed/cropped_images/part0/sub002/2010_Unit157_Ivan108_img0372.jpg,red_deer,mule_deer,0.5580538,red_deer,0.38821763,0.16983616,,,
bobcat_to_raccoon,FL-05_07_28_2015_FL-05_0021699.jpg,part1/sub134/FL-05_07_28_2015_FL-05_0021699.jpg,/Users/mihnea/Desktop/Proiecte personale/wildlife-image-classification/data/processed/cropped_images/part1/sub134/FL-05_07_28_2015_FL-05_0021699.jpg,bobcat,raccoon,0.81799436,empty,0.08034798,0.7376464,,,
bobcat_to_raccoon,FL-38_03_07_2016_FL-38_0028393.JPG,part2/sub280/FL-38_03_07_2016_FL-38_0028393.JPG,/Users/mihnea/Desktop/Proiecte personale/wildlife-image-classification/data/processed/cropped_images/part2/sub280/FL-38_03_07_2016_FL-38_0028393.JPG,bobcat,raccoon,0.78413826,wild_boar,0.10463179,0.6795065,,,
bobcat_to_raccoon,FL-33_03_07_2016_FL-33_0010754.JPG,part2/sub268/FL-33_03_07_2016_FL-33_0010754.JPG,/Users/mihnea/Desktop/Proiecte personale/wildlife-image-classification/data/processed/cropped_images/part2/sub268/FL-33_03_07_2016_FL-33_0010754.JPG,bobcat,raccoon,0.7650948,wild_boar,0.21743685,0.54765797,,,
bobcat_to_raccoon,FL-12_11_02_2015_FL-12_0019462.jpg,part1/sub178/FL-12_11_02_2015_FL-12_0019462.jpg,/Users/mihnea/Desktop/Proiecte personale/wildlife-image-classification/data/processed/cropped_images/part1/sub178/FL-12_11_02_2015_FL-12_0019462.jpg,bobcat,raccoon,0.75184876,wild_boar,0.09774928,0.65409946,,,
bobcat_to_raccoon,FL-37_11_03_2015_FL-37_0000565.jpg,part2/sub279/FL-37_11_03_2015_FL-37_0000565.jpg,/Users/mihnea/Desktop/Proiecte personale/wildlife-image-classification/data/processed/cropped_images/part2/sub279/FL-37_11_03_2015_FL-37_0000565.jpg,bobcat,raccoon,0.7428589,empty,0.14762582,0.5952331,,,
bobcat_to_raccoon,FL-37_04_04_2016_FL-37_0010240.JPG,part2/sub277/FL-37_04_04_2016_FL-37_0010240.JPG,/Users/mihnea/Desktop/Proiecte personale/wildlife-image-classification/data/processed/cropped_images/part2/sub277/FL-37_04_04_2016_FL-37_0010240.JPG,bobcat,raccoon,0.7256472,wild_boar,0.11869437,0.60695285,,,
bobcat_to_raccoon,CA-19_04_06_2015_CA-19_0001192.jpg,part0/sub059/CA-19_04_06_2015_CA-19_0001192.jpg,/Users/mihnea/Desktop/Proiecte personale/wildlife-image-classification/data/processed/cropped_images/part0/sub059/CA-19_04_06_2015_CA-19_0001192.jpg,bobcat,raccoon,0.69926757,bobcat,0.26017684,0.43909073,,,
bobcat_to_raccoon,FL-14_08_04_2016_FL-14_0028198.JPG,part1/sub187/FL-14_08_04_2016_FL-14_0028198.JPG,/Users/mihnea/Desktop/Proiecte personale/wildlife-image-classification/data/processed/cropped_images/part1/sub187/FL-14_08_04_2016_FL-14_0028198.JPG,bobcat,raccoon,0.6790397,bobcat,0.123307526,0.5557322,,,
bobcat_to_raccoon,FL-40_11_03_2015_FL-40_0002224.jpg,part2/sub285/FL-40_11_03_2015_FL-40_0002224.jpg,/Users/mihnea/Desktop/Proiecte personale/wildlife-image-classification/data/processed/cropped_images/part2/sub285/FL-40_11_03_2015_FL-40_0002224.jpg,bobcat,raccoon,0.6430426,bobcat,0.18779513,0.4552475,,,
bobcat_to_raccoon,FL-39_06_03_2016_FL-39_0009465.JPG,part2/sub283/FL-39_06_03_2016_FL-39_0009465.JPG,/Users/mihnea/Desktop/Proiecte personale/wildlife-image-classification/data/processed/cropped_images/part2/sub283/FL-39_06_03_2016_FL-39_0009465.JPG,bobcat,raccoon,0.57501936,bobcat,0.41843733,0.15658203,,,
bobcat_to_raccoon,FL-25_03_07_2016_FL-25_0020292.JPG,part2/sub237/FL-25_03_07_2016_FL-25_0020292.JPG,/Users/mihnea/Desktop/Proiecte personale/wildlife-image-classification/data/processed/cropped_images/part2/sub237/FL-25_03_07_2016_FL-25_0020292.JPG,bobcat,raccoon,0.550394,empty,0.30890033,0.24149367,,,
bobcat_to_raccoon,FL-37_03_08_2016_FL-37_0008163.JPG,part2/sub277/FL-37_03_08_2016_FL-37_0008163.JPG,/Users/mihnea/Desktop/Proiecte personale/wildlife-image-classification/data/processed/cropped_images/part2/sub277/FL-37_03_08_2016_FL-37_0008163.JPG,bobcat,raccoon,0.54109615,bobcat,0.33026066,0.21083549,,,
bobcat_to_raccoon,FL-14_03_07_2016_FL-14_0018579.JPG,part1/sub186/FL-14_03_07_2016_FL-14_0018579.JPG,/Users/mihnea/Desktop/Proiecte personale/wildlife-image-classification/data/processed/cropped_images/part1/sub186/FL-14_03_07_2016_FL-14_0018579.JPG,bobcat,raccoon,0.51733524,bobcat,0.48148295,0.035852283,,,
coyote_to_raccoon,FL-37_09_08_2016_FL-37_0028728.JPG,part2/sub279/FL-37_09_08_2016_FL-37_0028728.JPG,/Users/mihnea/Desktop/Proiecte personale/wildlife-image-classification/data/processed/cropped_images/part2/sub279/FL-37_09_08_2016_FL-37_0028728.JPG,coyote,raccoon,0.8039483,wild_boar,0.09760774,0.70634055,,,
coyote_to_raccoon,FL-27_05_02_2016_FL-27_0055649.JPG,part2/sub241/FL-27_05_02_2016_FL-27_0055649.JPG,/Users/mihnea/Desktop/Proiecte personale/wildlife-image-classification/data/processed/cropped_images/part2/sub241/FL-27_05_02_2016_FL-27_0055649.JPG,coyote,raccoon,0.79980296,wild_boar,0.07883001,0.72097296,,,
coyote_to_raccoon,FL-21_06_30_2015_FL-21_0004553.jpg,part2/sub217/FL-21_06_30_2015_FL-21_0004553.jpg,/Users/mihnea/Desktop/Proiecte personale/wildlife-image-classification/data/processed/cropped_images/part2/sub217/FL-21_06_30_2015_FL-21_0004553.jpg,coyote,raccoon,0.72462136,wild_boar,0.16114332,0.56347805,,,
coyote_to_raccoon,CA-08_08_04_2015_CA-08_0001858.jpg,part0/sub041/CA-08_08_04_2015_CA-08_0001858.jpg,/Users/mihnea/Desktop/Proiecte personale/wildlife-image-classification/data/processed/cropped_images/part0/sub041/CA-08_08_04_2015_CA-08_0001858.jpg,coyote,raccoon,0.6633007,bobcat,0.23413806,0.42916262,,,
coyote_to_raccoon,FL-22_05_02_2016_FL-22_0100603.JPG,part2/sub221/FL-22_05_02_2016_FL-22_0100603.JPG,/Users/mihnea/Desktop/Proiecte personale/wildlife-image-classification/data/processed/cropped_images/part2/sub221/FL-22_05_02_2016_FL-22_0100603.JPG,coyote,raccoon,0.6505751,empty,0.12045924,0.53011584,,,
coyote_to_raccoon,FL-38_03_07_2016_FL-38_0028676.JPG,part2/sub280/FL-38_03_07_2016_FL-38_0028676.JPG,/Users/mihnea/Desktop/Proiecte personale/wildlife-image-classification/data/processed/cropped_images/part2/sub280/FL-38_03_07_2016_FL-38_0028676.JPG,coyote,raccoon,0.6099328,empty,0.25069714,0.35923564,,,
coyote_to_raccoon,FL-27_05_02_2016_FL-27_0056185.JPG,part2/sub241/FL-27_05_02_2016_FL-27_0056185.JPG,/Users/mihnea/Desktop/Proiecte personale/wildlife-image-classification/data/processed/cropped_images/part2/sub241/FL-27_05_02_2016_FL-27_0056185.JPG,coyote,raccoon,0.60925215,empty,0.14118646,0.46806568,,,
coyote_to_raccoon,FL-24_06_30_2015_FL-24_0028739.jpg,part2/sub235/FL-24_06_30_2015_FL-24_0028739.jpg,/Users/mihnea/Desktop/Proiecte personale/wildlife-image-classification/data/processed/cropped_images/part2/sub235/FL-24_06_30_2015_FL-24_0028739.jpg,coyote,raccoon,0.576762,coyote,0.3108702,0.26589182,,,
coyote_to_raccoon,FL-10_07_06_2016_FL-10_0020647.JPG,part1/sub169/FL-10_07_06_2016_FL-10_0020647.JPG,/Users/mihnea/Desktop/Proiecte personale/wildlife-image-classification/data/processed/cropped_images/part1/sub169/FL-10_07_06_2016_FL-10_0020647.JPG,coyote,raccoon,0.567844,empty,0.2599753,0.30786866,,,
coyote_to_raccoon,FL-31_12_06_2015_FL-31_0029760.jpg,part2/sub267/FL-31_12_06_2015_FL-31_0029760.jpg,/Users/mihnea/Desktop/Proiecte personale/wildlife-image-classification/data/processed/cropped_images/part2/sub267/FL-31_12_06_2015_FL-31_0029760.jpg,coyote,raccoon,0.5188653,empty,0.45153394,0.067331344,,,
coyote_to_raccoon,FL-27_06_30_2015_FL-27_0016363.jpg,part2/sub243/FL-27_06_30_2015_FL-27_0016363.jpg,/Users/mihnea/Desktop/Proiecte personale/wildlife-image-classification/data/processed/cropped_images/part2/sub243/FL-27_06_30_2015_FL-27_0016363.jpg,coyote,raccoon,0.5077215,empty,0.20464313,0.30307835,,,
coyote_to_raccoon,FL-24_12_08_2015_FL-24_0052661.jpg,part2/sub237/FL-24_12_08_2015_FL-24_0052661.jpg,/Users/mihnea/Desktop/Proiecte personale/wildlife-image-classification/data/processed/cropped_images/part2/sub237/FL-24_12_08_2015_FL-24_0052661.jpg,coyote,raccoon,0.4837787,bobcat,0.26050493,0.22327375,,,
coyote_to_raccoon,FL-09_11_02_2015_FL-09_0038001.jpg,part1/sub168/FL-09_11_02_2015_FL-09_0038001.jpg,/Users/mihnea/Desktop/Proiecte personale/wildlife-image-classification/data/processed/cropped_images/part1/sub168/FL-09_11_02_2015_FL-09_0038001.jpg,coyote,raccoon,0.40387017,coyote,0.28181976,0.122050405,,,
coyote_to_raccoon,FL-08_08_04_2016_FL-08_0025386.JPG,part1/sub162/FL-08_08_04_2016_FL-08_0025386.JPG,/Users/mihnea/Desktop/Proiecte personale/wildlife-image-classification/data/processed/cropped_images/part1/sub162/FL-08_08_04_2016_FL-08_0025386.JPG,coyote,raccoon,0.36886698,bobcat,0.33819646,0.030670524,,,
